Unnamed: 0,Unnamed: 0.1,ALAND,AWATER,BLKGRPCE,COUNTYFP,E11B19001e1,E11B19001e10,E11B19001e11,E11B19001e12,E11B19001e13,E11B19001e14,E11B19001e15,E11B19001e16,E11B19001e17,E11B19001e2,E11B19001e3,E11B19001e4,E11B19001e5,E11B19001e6,E11B19001e7,E11B19001e8,E11B19001e9,E11B19013e1,E11B19025e1,E11B19055e2,E11B19059e2,E12B19113e1,E12B20002e1,E12B20002e2,E12B20002e3,E13B19101e1,FUNCSTAT,GEOID,GEOID_Data,INTPTLAT,INTPTLON,MTFCC,NAMELSAD,OBJECTID,STATEFP,Shape__Area,Shape__Length,TRACTCE,H07B25003e2,H07B25003e3,H18B25081e1,H18B25081e2,H18B25081e4,H18B25081e5,H18B25081e6,H18B25081e7,H18B25081e8,H18B25082e1,H18B25082e2,H18B25082e3,D01B01001e1,D01B01001e10,D01B01001e11,D01B01001e12,D01B01001e13,D01B01001e14,D01B01001e15,D01B01001e16,D01B01001e17,D01B01001e18,D01B01001e19,D01B01001e2,D01B01001e20,D01B01001e21,D01B01001e22,D01B01001e23,D01B01001e24,D01B01001e25,D01B01001e26,D01B01001e31,D01B01001e32,D01B01001e33,D01B01001e34,D01B01001e35,D01B01001e36,D01B01001e37,D01B01001e38,D01B01001e39,D01B01001e40,D01B01001e41,D01B01001e42,D01B01001e43,D01B01001e44,D01B01001e45,D01B01001e46,D01B01001e47,D01B01001e48,D01B01001e49,D01B01001e7,D01B01001e8,D01B01001e9,D02B01002Ae1,D02B01002Be1,D02B01002Ce1,D02B01002De1,D02B01002Ee1,D02B01002Fe1,D02B01002Ge1,D02B01002He1,D02B01002Ie1,D02B01002e1,D02B01002e2,D02B01002e3,D03B02001e1,D03B02001e2,D03B02001e3,D03B02001e4,D03B02001e5,D03B02001e6,D03B02001e7,D03B02001e8,D04B02001e1,S01B11001e1,S02B09019e2,S07B15003e15,S07B15003e16,S07B15003e17,S07B15003e18,S07B15003e19,S07B15003e20,S07B15003e21,S07B15003e22,S07B15003e23,S07B15003e24,S07B15003e25,S08B21001e1,S08B21001e2,S19B28008e10,S19B28008e2,S19B28008e4,S19B28008e9,Voter_Turnout
0,0,337300,0,3,59,688,24,34,122,83,47,41,32,40,115,12,27,21,12,11,16,51,62019.0,55804400,83,40,64800.0,38958.0,37778.0,40027.0,424,S,60590632013,15000US060590632013,33.6480393,-117.9063376,G5030,Block Group 3,405,6,488002.08203125,2966.66302086031,63201,141,547,141,110,0,23,0,87,31,128300000.0,97100000.0,31200000.0,1682,12,63,117,57,109,54,27,48,16,44,806,0,0,14,10,0,0,876,0,0,10,11,157,54,24,95,58,36,94,38,0,39,5,0,10,0,8,8,0,21,32.9,,,50.0,,39.8,6.9,34.0,34.5,34.2,34.6,32.4,1682,1463,0,0,27,0,117,75,1682,688,1682,54,22,59,0,99,170,136,411,38,38,11,1239,65,0,1682,1605,77,83.5
1,1,686935,0,1,59,1280,85,96,127,262,83,89,247,96,61,0,0,40,23,13,34,24,82353.0,130566800,198,101,111375.0,59471.0,54193.0,65625.0,753,S,60590638071,15000US060590638071,33.6707969,-117.9274147,G5030,Block Group 1,428,6,994370.75390625,4988.51556578565,63807,301,979,301,202,41,63,0,98,99,260495000.0,187350000.0,73145000.0,2999,34,77,78,159,117,238,71,88,0,57,1378,39,13,28,48,12,12,1621,15,15,0,63,64,348,113,66,131,171,61,8,0,32,36,53,20,12,12,24,25,33,42.3,46.5,,33.7,,,2.7,45.9,32.2,35.9,40.6,33.0,2999,2366,43,0,294,0,12,284,2999,1280,2999,12,42,177,34,108,418,220,810,282,20,10,2373,142,0,2999,2945,54,78.6
2,2,209303,0,2,59,321,0,30,29,17,0,0,21,18,6,105,11,54,0,0,30,0,23924.0,17866200,149,28,38708.0,27750.0,32019.0,20625.0,105,S,60590637022,15000US060590637022,33.6409341,-117.9214514,G5030,Block Group 2,515,6,302768.390625,2518.8818171512803,63702,8,313,8,0,0,0,0,0,8,,,,605,0,77,18,32,0,26,0,8,16,0,275,0,0,18,0,11,27,330,0,0,0,19,52,54,0,8,20,8,14,0,0,0,0,68,28,16,27,0,0,0,48.6,,,34.0,,27.7,,39.0,57.1,39.3,38.0,47.8,605,464,0,0,55,0,86,0,605,321,605,0,18,91,0,54,53,72,112,92,28,0,547,18,111,494,327,167,75.8
3,3,323900,0,2,59,417,26,0,31,40,75,77,35,59,0,0,0,47,9,18,0,0,112132.0,62904600,79,46,114635.0,55281.0,54653.0,55408.0,223,S,60590633022,15000US060590633022,33.6321488,-117.9106383,G5030,Block Group 2,641,6,468443.37109375,2903.0186245715804,63302,86,331,86,49,9,9,0,31,37,82280000.0,48500000.0,33780000.0,937,14,95,51,23,99,83,66,20,4,8,554,28,0,20,12,0,0,383,0,11,10,27,40,126,35,11,20,17,8,17,9,0,26,18,8,0,0,0,0,0,41.1,,,,,,,37.3,43.0,40.4,42.9,34.4,937,912,0,0,15,0,10,0,937,417,937,0,7,114,17,69,150,43,293,131,20,0,906,10,4,933,927,6,100.0
4,4,323906,0,1,59,370,9,37,54,38,26,7,35,122,7,17,0,0,0,0,9,9,106250.0,51478600,114,56,153846.0,66620.0,,49583.0,232,S,60590633021,15000US060590633021,33.6349404,-117.90786509999998,G5030,Block Group 1,754,6,468483.8046875,2903.205470934249,63302,300,70,300,137,0,14,0,123,163,415600000.0,169550000.0,246050000.0,903,0,0,8,24,51,9,76,38,8,30,477,0,19,28,27,0,0,426,14,0,0,0,22,7,72,10,0,35,23,20,7,9,19,19,9,20,29,0,8,0,42.6,,,,,,,42.6,60.4,42.4,42.9,39.6,903,875,3,0,15,0,0,10,903,370,896,0,9,76,0,44,54,32,282,103,10,9,641,37,65,831,805,26,67.6
5,5,501825,0,1,59,792,0,79,50,67,76,50,117,112,62,0,51,27,39,0,62,0,82750.0,90882400,192,127,106667.0,54179.0,53425.0,57560.0,394,S,60590631021,15000US060590631021,33.6608928,-117.89088429999998,G5030,Block Group 1,959,6,726249.3359375,3991.4616014798,63102,385,407,385,333,0,0,0,333,52,301615000.0,262125000.0,39490000.0,1881,0,52,120,25,110,48,62,16,0,82,846,10,20,10,0,0,102,1035,12,0,22,36,47,35,86,65,105,61,82,27,19,11,45,24,7,0,9,0,0,14,41.4,,,39.1,,26.2,39.3,41.7,22.8,39.2,41.5,36.2,1881,1588,6,18,38,0,148,83,1881,792,1838,5,7,268,32,26,319,92,248,197,32,15,1364,99,83,1755,1755,0,84.5
6,6,342498,0,3,59,559,0,53,15,18,68,57,27,108,1,101,24,35,18,13,0,21,74750.0,69949600,69,98,111204.0,55184.0,56905.0,51507.0,202,S,60590631023,15000US060590631023,33.656460700000004,-117.8980854,G5030,Block Group 3,960,6,495617.58203125,3012.17315977008,63102,207,352,207,200,0,0,0,200,7,,,,1145,29,17,71,18,57,96,57,69,60,18,638,0,7,7,19,0,5,507,14,13,28,17,0,32,102,65,0,55,10,0,76,0,7,0,34,6,0,16,15,0,44.3,,,,,45.0,,47.4,42.0,44.1,45.4,39.0,1145,1016,0,0,15,0,101,13,1145,559,1145,0,0,58,21,19,220,86,296,135,21,18,1020,25,60,1085,1037,48,81.05
7,7,647325,0,1,59,582,19,16,19,54,40,70,103,154,13,9,55,10,0,10,0,10,132143.0,93690700,166,125,171618.0,60729.0,76172.0,37880.0,366,S,60590631031,15000US060590631031,33.6459862,-117.8982997,G5030,Block Group 1,961,6,936501.16015625,4848.38041865676,63103,426,156,426,267,0,95,0,172,159,552465000.0,402475000.0,149990000.0,1409,9,0,65,45,113,55,55,72,15,34,723,10,10,9,42,9,0,686,8,0,0,12,29,0,117,17,59,59,99,24,9,9,0,30,19,39,19,18,0,0,44.9,,,53.7,,,8.3,44.8,45.2,44.3,42.9,46.4,1409,1311,0,0,26,0,0,72,1409,582,1409,0,5,91,23,7,90,84,490,188,75,0,1110,39,8,1401,1391,10,83.6
8,8,323867,0,2,59,479,0,27,38,76,29,39,49,110,0,17,18,6,10,29,20,11,89813.0,60858800,147,118,106071.0,51500.0,49542.0,52188.0,308,S,60590631032,15000US060590631032,33.6405237,-117.9023163,G5030,Block Group 2,962,6,468489.2265625,2903.3016445366693,63103,307,172,307,243,0,51,37,155,64,304913500.0,252013500.0,52900000.0,1300,11,59,40,27,63,53,14,16,32,0,590,10,10,57,22,22,10,710,33,0,0,0,39,30,61,52,55,70,17,8,37,7,19,32,26,10,20,21,17,0,41.9,,,41.5,,62.5,18.2,45.0,33.2,41.5,43.4,39.9,1300,1143,11,9,38,0,41,58,1300,479,1248,8,9,125,37,54,191,56,244,141,26,7,1000,62,6,1242,1232,10,82.3
9,9,342997,0,1,59,484,36,9,72,68,117,10,17,37,19,18,23,13,11,0,13,21,82188.0,49938000,104,30,,32692.0,61111.0,30819.0,324,S,60590632011,15000US060590632011,33.653674,-117.9008586,G5030,Block Group 1,963,6,496310.25,3014.912719640931,63201,250,234,250,150,9,16,0,125,100,300220000.0,232670000.0,67550000.0,1222,0,88,77,60,8,11,31,14,11,37,569,0,17,35,16,0,20,653,26,0,18,23,133,96,21,16,11,10,83,9,52,31,0,19,27,0,11,27,0,0,33.3,,,28.7,,,28.4,36.8,28.9,32.6,32.2,32.9,1222,1062,9,0,99,0,0,52,1222,484,1134,0,10,117,5,45,214,33,316,93,61,22,1038,17,46,1088,1048,40,81.8
10,10,337366,0,2,59,457,0,26,8,88,116,0,14,65,10,28,0,23,18,34,8,19,93480.0,51474900,62,66,100188.0,52029.0,51163.0,56094.0,298,S,60590632012,15000US060590632012,33.6508524,-117.9035781,G5030,Block Group 2,964,6,488130.01953125,2995.99423426878,63201,221,236,221,137,0,0,0,137,84,188825000.0,127150000.0,61675000.0,1192,0,29,88,7,81,78,30,39,11,14,609,8,8,0,10,0,0,583,0,0,0,27,26,50,65,60,81,22,37,0,0,0,10,9,0,1,27,9,16,9,34.8,,,58.7,,32.0,10.6,33.8,46.1,35.2,34.0,37.1,1192,1003,18,0,24,0,86,61,1192,457,1174,0,23,202,0,26,153,98,149,90,7,30,852,22,17,1157,1118,39,83.5
11,11,132398,0,1,59,328,15,58,0,4,76,12,45,10,0,9,0,10,49,27,0,13,57976.0,26477300,64,18,107386.0,50182.0,49417.0,50365.0,173,S,60590632021,15000US060590632021,33.6468334,-117.9108849,G5030,Block Group 1,965,6,191546.61328125,2012.43491449782,63202,116,212,116,76,20,0,0,56,40,68085000.0,58500000.0,9585000.0,834,0,14,108,14,53,51,0,9,10,10,286,0,0,8,9,0,0,548,0,0,0,25,105,24,34,36,10,11,10,8,8,0,21,16,0,0,11,0,0,0,32.0,,,29.1,,29.0,,41.1,25.6,31.0,40.1,25.6,834,597,0,0,44,0,179,14,834,328,834,0,9,103,9,55,69,20,98,65,46,20,605,26,19,815,532,283,81.7
12,12,331171,0,2,59,392,0,17,33,100,8,44,48,75,0,8,0,12,9,21,9,8,92356.0,69323200,84,30,134792.0,55046.0,80649.0,50761.0,219,S,60590632022,15000US060590632022,33.6424291,-117.9118259,G5030,Block Group 2,966,6,479076.22265625,2947.49050366808,63202,210,182,210,160,0,8,0,152,50,171290000.0,132350000.0,38940000.0,934,21,22,34,41,21,102,79,25,0,9,537,27,17,26,15,11,0,397,0,0,7,7,44,33,23,37,25,66,29,20,9,0,17,7,14,19,0,8,0,0,48.0,,,17.4,,,50.1,48.5,35.2,48.0,48.1,45.9,934,783,0,0,27,0,12,112,934,392,930,0,0,167,0,65,204,32,197,97,0,0,815,68,54,876,816,60,87.0
13,13,324028,0,3,59,342,0,0,7,26,38,18,37,150,0,28,22,0,0,8,8,0,158125.0,65424800,45,21,157563.0,61809.0,92566.0,60395.0,247,S,60590632023,15000US060590632023,33.6377321,-117.9050905,G5030,Block Group 3,967,6,468693.77734375,2903.5831534610197,63202,283,59,283,181,0,36,0,145,102,385130000.0,203780000.0,181350000.0,980,0,25,52,20,47,15,51,70,12,0,478,18,7,8,0,16,6,502,6,10,0,11,107,27,17,64,42,39,28,0,7,7,0,0,15,7,0,10,13,10,37.0,,,,,,17.8,37.0,,36.6,41.4,30.3,980,900,0,0,19,10,0,51,980,342,968,0,0,32,0,48,123,47,335,97,15,10,757,29,0,968,968,0,86.8
14,14,203597,0,4,59,392,0,31,0,37,47,41,78,68,0,26,33,0,0,24,7,0,124135.0,55471700,98,22,127308.0,39324.0,48661.0,31364.0,222,S,60590632024,15000US060590632024,33.644219799999995,-117.9079689,G5030,Block Group 4,968,6,294537.91015625,2420.80879078101,63202,167,225,167,112,0,0,0,112,55,159914000.0,106200000.0,53714000.0,1019,58,143,62,56,41,13,45,53,26,0,592,0,9,15,14,13,0,427,0,0,0,29,49,19,25,6,43,9,33,8,0,7,6,6,26,14,47,0,10,0,33.7,,,59.1,,,,34.0,36.6,36.1,33.5,39.7,1019,848,26,0,63,0,62,20,1019,392,1008,0,13,87,9,95,62,67,277,49,17,0,885,15,50,958,948,10,81.7
15,15,330599,0,1,59,562,29,84,64,49,41,63,83,33,34,0,17,30,21,0,14,0,73235.0,52186300,54,11,70568.0,53690.0,54132.0,53569.0,163,S,60590633011,15000US060590633011,33.63937120000001,-117.91762140000002,G5030,Block Group 1,969,6,478214.859375,2896.0562952930395,63301,65,497,65,47,0,38,0,9,18,,,,1000,12,166,85,33,27,0,19,22,0,11,433,7,0,9,0,0,0,567,0,0,25,0,248,57,77,0,30,0,22,0,21,6,29,0,0,9,7,0,6,0,29.9,,,,,,,29.8,31.5,29.8,30.0,29.7,1000,897,14,0,13,0,43,33,1000,562,988,0,0,44,0,48,227,52,419,74,11,10,928,59,45,943,904,39,83.7
16,16,324236,0,2,59,484,25,11,33,58,55,32,29,104,12,7,53,17,0,29,0,19,93235.0,55226200,88,49,137578.0,75536.0,77159.0,61111.0,286,S,60590633012,15000US060590633012,33.6370234,-117.9142547,G5030,Block Group 2,970,6,468984.76953125,2905.83141063024,63301,150,334,150,96,0,11,0,85,54,143695000.0,103745000.0,39950000.0,1179,0,43,45,71,52,23,53,15,0,24,463,26,0,9,7,7,0,716,3,0,0,15,81,86,53,21,89,11,8,12,26,0,25,11,8,35,0,0,0,0,34.7,,,43.4,,,,34.8,15.6,34.9,38.5,32.3,1179,1093,9,12,35,0,11,19,1179,484,1094,0,9,59,0,52,101,65,368,81,51,0,859,48,15,1079,1027,44,83.7
17,17,380971,0,3,59,542,10,41,39,64,57,89,41,120,35,13,0,0,0,8,6,19,118500.0,91404700,55,30,135236.0,51299.0,68971.0,30137.0,385,S,60590633023,15000US060590633023,33.629290000000005,-117.9201115,G5030,Block Group 3,971,6,550948.453125,3281.49320609435,63302,234,308,234,162,8,43,0,111,72,243632000.0,172672000.0,70960000.0,1470,30,54,37,58,86,112,95,12,50,15,762,25,8,9,9,0,0,708,0,0,27,0,0,44,82,16,66,127,10,64,0,19,0,0,0,24,13,0,0,0,43.4,,,51.3,,,30.1,43.1,43.7,41.8,43.5,39.7,1470,1234,0,0,142,0,0,94,1470,542,1421,13,23,90,26,12,88,67,523,174,9,0,1092,85,0,1421,1421,0,76.7
18,18,323917,0,4,59,392,0,52,18,0,37,103,44,74,19,0,0,0,0,22,0,23,130000.0,50756200,43,19,140208.0,,69886.0,33382.0,280,S,60590633024,15000US060590633024,33.6293578,-117.9134124,G5030,Block Group 4,972,6,468439.7578125,2903.3030041559996,63302,305,87,305,250,0,73,0,177,55,292824000.0,252560000.0,40264000.0,1175,15,0,53,69,8,56,12,30,19,20,613,11,0,20,11,2,0,562,46,0,14,33,40,71,50,8,53,73,32,30,0,0,0,10,0,12,4,33,0,65,32.6,,,,,,,32.6,25.0,32.9,32.3,34.5,1175,1151,0,0,15,0,0,9,1175,392,1154,0,9,43,15,42,131,57,247,75,34,0,900,31,20,1134,1125,9,90.0
19,19,323506,0,4,59,715,29,15,73,84,164,16,26,121,110,0,0,0,0,0,58,19,92917.0,74705500,233,65,104734.0,32794.0,32433.0,40250.0,390,S,60590631024,15000US060590631024,33.6542429,-117.8915047,G5030,Block Group 4,1074,6,468116.16015625,2927.43003187623,63102,404,311,404,336,44,63,0,229,68,315345000.0,250735000.0,64610000.0,1647,23,102,110,41,62,29,14,116,31,22,855,0,33,73,7,0,0,792,13,26,15,0,173,12,106,0,0,41,73,48,66,14,13,74,22,16,0,13,25,0,39.8,,,29.0,,,36.4,45.6,32.7,36.5,38.0,36.5,1647,1342,0,0,104,0,0,201,1647,715,1647,15,14,1,28,19,323,205,384,170,109,30,1413,154,2,1645,1645,0,84.3
20,20,488673,0,2,59,412,20,59,21,16,77,47,10,106,8,8,0,13,10,0,17,0,112237.0,79036300,78,38,116053.0,58114.0,64833.0,50714.0,176,S,60590636012,15000US060590636012,33.647566999999995,-117.9348143,G5030,Block Group 2,1215,6,707002.64453125,4618.91120720915,63601,248,164,248,211,0,0,0,211,37,151789100.0,131419100.0,20370000.0,1049,50,61,51,41,92,76,11,8,31,0,563,27,10,14,9,0,8,486,8,0,11,13,111,8,17,109,41,21,30,0,23,0,0,32,9,0,0,23,9,0,44.1,,,42.7,,26.9,19.9,44.0,37.6,42.0,40.2,42.5,1049,793,0,7,53,0,152,44,1049,412,1049,0,11,78,25,25,214,91,234,77,0,8,954,52,42,1007,973,34,80.2
21,21,160457,0,3,59,315,0,21,8,36,64,48,70,40,10,0,0,0,0,18,0,0,127656.0,59041700,38,38,153700.0,64028.0,59750.0,64554.0,176,S,60590636013,15000US060590636013,33.645581400000005,-117.9434765,G5030,Block Group 3,1216,6,232134.95703125,1972.1569290476998,63601,247,68,247,192,0,22,0,170,55,132424000.0,101054000.0,31370000.0,765,24,30,8,0,32,10,89,18,10,11,419,0,0,0,10,0,9,346,0,0,0,10,26,8,25,17,31,110,10,10,0,10,0,11,18,0,0,11,0,11,43.5,,,27.0,,,,49.6,26.1,43.5,26.6,49.6,765,686,31,0,39,0,0,9,765,315,765,0,0,0,0,8,181,29,166,62,38,9,559,58,0,765,765,0,80.5
22,22,485775,0,1,59,482,0,9,110,12,22,21,13,28,47,8,47,30,31,19,30,55,41318.0,33529800,127,25,40053.0,22987.0,23929.0,21358.0,348,S,60590636041,15000US060590636041,33.6379091,-117.9340825,G5030,Block Group 1,1220,6,702654.6953125,3875.9779492385705,63604,66,416,66,57,0,0,0,57,9,,,,1667,49,119,55,96,54,149,9,0,0,0,862,0,0,11,0,17,19,805,14,0,0,11,83,94,102,31,65,67,0,0,0,0,22,20,17,0,42,8,0,5,39.6,,3.8,44.1,,29.4,24.6,45.8,29.4,30.6,29.4,33.0,1667,464,0,59,72,0,1004,68,1667,482,1667,35,80,55,19,39,38,68,184,18,16,37,1159,54,277,1390,1344,46,73.2
23,23,715930,0,2,59,1055,31,88,212,155,111,67,78,21,34,22,69,56,0,62,23,26,66793.0,80623200,313,144,70670.0,40171.0,42365.0,32146.0,513,S,60590636042,15000US060590636042,33.6386121,-117.9396628,G5030,Block Group 2,1221,6,1035578.00390625,4264.05311608819,63604,530,525,530,234,41,21,0,172,296,164116000.0,127021000.0,37095000.0,2708,86,128,113,154,28,139,69,101,28,84,1423,91,37,95,8,8,0,1285,14,32,6,70,151,51,51,82,84,47,66,18,98,25,73,35,16,19,8,31,6,0,40.8,,,58.2,,27.5,6.4,49.8,26.3,37.8,39.6,33.1,2708,1953,11,0,168,0,484,92,2708,1055,2708,0,86,385,39,105,275,87,519,112,29,15,2148,84,164,2544,2382,26,74.5
24,24,161956,0,1,59,380,0,60,36,38,40,0,21,8,23,0,28,23,0,73,17,13,55878.0,22786400,34,8,34277.0,21339.0,22027.0,16309.0,267,S,60590636051,15000US060590636051,33.6415735,-117.9297892,G5030,Block Group 1,1222,6,234282.6875,1935.89662239452,63605,23,357,23,23,0,0,0,23,0,,,,1536,101,138,66,66,71,107,49,29,0,0,995,0,0,0,16,0,0,541,0,26,47,35,15,29,63,0,36,77,99,9,12,11,0,0,0,0,0,47,15,0,35.0,,,,,24.3,15.4,33.3,27.9,28.7,26.8,37.8,1536,747,0,0,17,0,733,39,1536,380,1536,0,16,243,49,12,86,8,84,20,0,9,1164,18,123,1413,1142,271,74.5
25,25,549540,0,2,59,577,11,16,28,61,36,55,43,59,55,0,6,73,61,53,20,0,58194.0,46735100,67,24,33292.0,30448.0,,20298.0,377,S,60590636052,15000US060590636052,33.637510299999995,-117.9252311,G5030,Block Group 2,1223,6,794877.5078125,4493.654661008661,63605,109,468,109,109,0,15,0,94,0,68810000.0,68810000.0,,1812,82,75,77,126,93,31,106,55,32,13,969,5,11,6,0,7,53,843,19,0,0,34,54,89,94,79,56,54,8,0,24,11,0,23,29,0,20,39,6,7,34.0,,,35.5,,38.8,13.4,33.3,37.2,35.7,36.8,33.2,1812,1325,36,0,47,10,339,55,1812,577,1579,13,14,235,40,76,109,120,206,108,48,0,1418,64,130,1449,1365,84,71.7
26,26,323943,0,3,59,463,43,50,31,53,30,0,5,33,7,10,31,55,42,19,27,27,48109.0,30515200,23,32,47539.0,20726.0,23556.0,12107.0,427,S,60590636053,15000US060590636053,33.636131299999995,-117.9297228,G5030,Block Group 3,1224,6,468550.32421875,2906.18393881515,63605,61,402,61,28,0,13,0,15,33,66740000.0,14375000.0,52365000.0,2135,63,129,165,127,92,74,21,42,13,14,1279,9,0,22,0,6,0,856,46,8,7,19,64,73,88,81,50,85,16,0,0,4,7,23,26,0,0,44,24,27,30.0,,,,7.7,27.6,,49.3,27.4,27.8,27.0,31.6,2135,1135,7,0,0,55,926,12,2135,463,2135,42,98,228,18,37,98,29,105,13,0,0,1469,6,323,1812,1607,205,71.7
27,27,217142,0,1,59,291,0,7,9,67,5,0,7,21,13,76,44,12,23,0,0,7,27554.0,16589500,164,44,85326.0,22083.0,25042.0,,134,S,60590637011,15000US060590637011,33.64706470000001,-117.926244,G5030,Block Group 1,1225,6,314152.71875,2594.81223789517,63701,77,214,77,54,0,0,0,54,23,,,,889,28,4,75,5,9,28,11,15,0,7,365,0,12,23,0,12,0,524,34,0,0,3,23,11,31,23,60,17,33,14,0,12,40,58,42,12,9,26,43,0,40.9,,,73.2,,19.6,,60.5,34.4,39.8,30.8,47.3,889,680,5,0,46,0,144,14,889,291,889,52,7,72,5,27,63,35,71,31,0,10,720,7,193,696,677,19,68.8
28,28,161131,0,3,59,460,7,22,11,113,9,29,16,16,34,96,7,0,23,25,0,52,44573.0,29178100,38,7,43043.0,25148.0,25739.0,19095.0,284,S,60590637013,15000US060590637013,33.65161629999999,-117.9234155,G5030,Block Group 3,1226,6,233141.90625,2417.41164755492,63701,50,410,50,39,0,7,0,32,11,,,,1738,16,150,58,25,19,73,34,55,0,0,933,16,0,0,0,0,19,805,47,0,26,67,136,107,63,24,89,4,47,18,0,16,0,0,0,12,0,8,5,28,28.9,,,56.7,,18.8,,28.9,21.9,27.0,21.9,29.6,1738,691,0,0,70,0,953,24,1738,460,1738,24,18,145,32,22,117,57,131,18,15,0,1162,19,225,1513,1372,141,68.8
29,29,241164,0,4,59,460,24,113,19,64,67,0,36,0,13,0,12,26,0,42,28,16,53821.0,31101700,59,33,54481.0,24974.0,27335.0,22860.0,404,S,60590637014,15000US060590637014,33.64973079999999,-117.92990220000002,G5030,Block Group 4,1227,6,348927.734375,2418.15694901507,63701,90,370,90,32,0,14,0,18,58,,,,1949,62,93,74,49,56,48,39,22,0,0,807,18,0,30,0,0,0,1142,0,0,28,64,155,124,79,69,57,42,12,29,42,0,54,35,0,0,12,13,20,0,30.4,13.5,,,,27.2,28.4,36.4,26.8,28.3,27.9,29.2,1949,960,49,0,38,0,789,113,1949,460,1949,26,18,312,18,82,142,14,124,31,0,0,1326,14,204,1745,1745,0,72.7
30,30,367145,0,1,59,423,41,47,46,45,18,12,65,35,23,12,18,0,12,16,33,0,64327.0,37194500,23,12,79565.0,34240.0,51667.0,,234,S,60590637021,15000US060590637021,33.6507555,-117.9142435,G5030,Block Group 1,1228,6,531216.77734375,3206.04848558277,63702,68,355,68,60,0,0,0,60,8,,,,1154,19,40,58,54,60,45,72,10,33,23,600,19,11,0,0,0,12,554,0,0,27,32,48,91,26,62,64,21,30,0,10,0,0,0,0,0,12,0,0,0,35.3,,,44.4,,45.2,13.4,38.5,29.5,34.4,36.8,31.5,1154,739,10,0,125,0,148,132,1154,423,1066,10,27,61,0,23,187,20,179,40,17,0,879,31,12,1054,857,197,71.5
31,31,303512,0,3,59,416,0,51,32,15,28,7,31,79,25,12,21,0,48,56,0,11,59216.0,37146000,64,34,,50417.0,58529.0,41250.0,216,S,60590637023,15000US060590637023,33.646128000000004,-117.91665249999998,G5030,Block Group 3,1229,6,439101.39453125,3021.46596102601,63702,154,262,154,90,0,0,0,90,64,70795000.0,67220000.0,3575000.0,1089,63,133,44,32,0,83,49,19,0,7,689,0,0,0,33,41,19,400,0,0,8,15,85,55,0,18,6,24,0,0,0,0,0,73,0,0,0,0,0,0,29.7,,,,,14.5,72.2,29.8,22.7,29.6,29.6,29.5,1089,677,27,0,7,0,271,107,1089,416,1089,0,30,0,0,18,151,31,226,88,130,7,807,55,7,1082,843,224,75.8
32,32,216099,0,4,59,510,0,62,108,36,19,39,25,44,10,0,12,29,45,36,11,34,61290.0,39623800,108,21,61129.0,22787.0,25542.0,22330.0,414,S,60590637024,15000US060590637024,33.6470785,-117.9233509,G5030,Block Group 4,1230,6,312644.35546875,2587.5525635441,63702,191,319,191,171,12,33,0,126,20,,,,2180,56,10,24,9,120,204,36,40,0,0,1215,20,0,66,11,0,0,965,36,0,37,33,67,53,91,40,167,45,65,0,74,0,0,38,12,0,0,23,15,32,30.3,,,,,33.0,22.3,41.0,22.9,31.5,21.6,38.9,2180,1494,0,24,25,0,503,134,2180,510,2180,26,13,225,0,0,16,19,263,57,31,22,1424,0,97,2083,2071,12,73.2
33,33,581047,0,1,59,571,43,18,29,55,38,73,78,58,17,8,0,28,0,30,73,23,76587.0,61430100,178,97,60132.0,39679.0,39607.0,40054.0,418,S,60590638021,15000US060590638021,33.676986,-117.9233225,G5030,Block Group 1,1231,6,841216.1171875,3553.9858751046504,63802,318,253,318,225,0,36,0,189,93,222495000.0,159245000.0,63250000.0,1698,34,34,52,86,19,99,34,53,0,12,756,6,17,16,17,16,28,942,0,52,0,44,97,24,40,49,82,11,73,53,25,8,34,36,17,20,19,33,48,0,37.1,36.7,,52.8,,5.8,41.6,47.2,22.8,36.0,36.4,34.5,1698,1391,38,35,77,0,49,108,1698,571,1691,0,8,234,28,63,145,154,241,68,34,14,1227,87,119,1572,1408,139,83.3
34,34,646174,0,2,59,458,9,0,25,57,58,49,99,99,0,8,0,0,9,19,10,16,126452.0,86452300,280,138,126290.0,66250.0,72647.0,42308.0,346,S,60590638022,15000US060590638022,33.6758714,-117.9312877,G5030,Block Group 2,1232,6,935478.578125,3845.546343706621,63802,442,16,442,299,0,45,11,243,143,384473900.0,284366700.0,100107200.0,1220,19,56,39,51,27,25,49,39,32,38,599,0,2,72,8,16,42,621,0,19,0,0,10,37,26,32,78,20,39,13,53,7,56,9,85,39,39,0,0,0,56.3,,,44.9,,,9.7,56.4,15.9,54.3,49.7,57.1,1220,1096,10,0,48,0,7,59,1220,458,1208,0,0,92,50,76,159,98,355,117,49,34,1077,84,17,1191,1191,0,87.6
35,35,423643,0,1,59,319,8,24,19,29,50,5,46,76,9,19,0,0,0,0,8,26,108542.0,47252600,120,61,129250.0,54926.0,64886.0,53382.0,247,S,60590638031,15000US060590638031,33.6702081,-117.9412986,G5030,Block Group 1,1233,6,613233.4921875,3804.199778877,63803,310,9,310,247,0,66,0,181,63,326520000.0,205420000.0,121100000.0,905,0,7,10,65,34,0,62,37,21,17,450,18,8,13,21,23,0,455,14,0,0,0,10,29,33,12,57,15,12,19,16,29,0,7,53,0,0,22,0,0,41.4,,,42.8,,,,39.8,48.1,41.9,44.6,38.7,905,840,0,0,56,0,0,9,905,319,905,0,0,90,0,32,75,59,269,70,23,0,664,37,0,905,905,0,86.6
36,36,1651865,0,2,59,449,31,46,0,58,69,37,87,55,38,0,0,9,11,0,0,8,104850.0,50729600,75,60,112500.0,64153.0,75547.0,43824.0,180,S,60590638032,15000US060590638032,33.6603343,-117.94295359999998,G5030,Block Group 2,1234,6,2390575.25,7871.43993996206,63803,204,245,204,188,17,11,0,160,16,,,,930,12,66,30,86,84,29,41,47,9,0,526,12,28,25,14,0,0,404,0,0,0,0,17,88,47,33,36,7,52,17,7,0,8,33,7,0,10,0,0,0,44.0,,,38.6,,43.2,35.2,44.2,43.2,42.7,43.7,40.7,930,747,7,0,78,0,55,43,930,449,930,0,6,67,39,60,247,33,254,60,42,25,845,49,37,893,893,0,85.0
37,37,197192,0,3,59,476,9,28,64,70,104,10,78,24,9,0,24,21,0,9,18,8,89551.0,46568300,35,87,111458.0,35365.0,21650.0,50643.0,245,S,60590638033,15000US060590638033,33.6539211,-117.9430753,G5030,Block Group 3,1235,6,285333.76953125,2370.80714975405,63803,150,326,150,124,0,27,0,97,26,70783000.0,57583000.0,13200000.0,1303,70,102,42,79,40,33,8,55,8,33,716,0,0,8,0,0,0,587,0,0,24,32,89,70,27,34,72,18,76,32,9,16,8,0,0,0,0,0,0,30,29.9,,23.6,30.7,,,32.5,35.4,27.2,30.3,25.9,33.8,1303,1087,21,29,51,0,26,89,1303,476,1248,0,10,161,72,39,158,100,199,49,9,9,1015,0,8,1240,1231,9,74.5
38,38,400260,0,4,59,432,0,46,18,25,85,0,54,76,26,32,0,9,16,7,0,38,92143.0,46870800,147,93,102111.0,33224.0,28750.0,50417.0,326,S,60590638034,15000US060590638034,33.6549214,-117.9360639,G5030,Block Group 4,1236,6,579187.3203125,3171.83226423339,63803,275,157,275,221,0,29,20,172,54,183871900.0,157464000.0,26407900.0,1469,48,55,35,107,7,17,79,137,16,14,772,0,7,21,10,24,18,697,0,21,0,14,58,51,61,16,67,19,80,44,7,34,6,29,60,8,0,0,25,12,49.4,,,37.7,53.9,31.3,,50.9,35.7,37.2,36.7,46.5,1469,938,0,21,55,52,363,40,1469,432,1469,20,11,228,27,41,185,86,139,52,0,20,1207,9,69,1400,1400,0,74.5
39,39,590016,0,1,59,429,18,14,22,69,104,37,51,48,5,0,29,0,18,0,9,5,106607.0,48452300,131,66,103654.0,49688.0,54922.0,38393.0,300,S,60590638051,15000US060590638051,33.691207500000004,-117.929501,G5030,Block Group 1,1237,6,854466.94921875,6411.0686665924595,63805,307,122,307,260,13,30,0,217,47,179242000.0,155892000.0,23350000.0,1317,25,37,54,57,18,48,67,59,11,9,625,0,46,30,0,0,0,692,6,0,0,49,57,107,95,20,38,36,36,21,10,29,30,11,8,0,9,12,9,9,38.0,,,34.9,,32.7,10.5,38.9,32.3,36.9,38.2,34.4,1317,1071,0,0,99,0,129,18,1317,429,1310,36,4,91,13,52,183,88,316,61,10,0,1053,38,25,1285,1212,73,86.2
40,40,416469,0,2,59,456,5,24,50,37,0,31,76,118,18,15,41,8,5,14,14,0,91250.0,67187100,162,74,152868.0,73447.0,84792.0,62794.0,347,S,60590638052,15000US060590638052,33.688946200000004,-117.9317405,G5030,Block Group 2,1264,6,603114.36328125,3471.8669992653804,63805,368,88,368,247,5,61,5,176,121,259600000.0,181950000.0,77650000.0,1326,21,7,21,37,29,73,62,41,10,30,627,13,5,10,25,20,19,699,5,33,0,17,24,32,81,19,53,37,79,19,38,20,12,20,26,51,11,14,12,7,47.0,,,41.5,,40.6,7.2,48.4,35.3,45.4,42.5,46.7,1326,1066,0,0,84,0,136,40,1326,456,1316,5,15,149,8,43,133,63,259,135,39,15,1033,106,15,1301,1208,93,86.8
41,41,387616,0,1,59,453,0,44,35,63,10,53,17,49,14,30,0,10,30,9,32,57,60125.0,41575900,65,48,74432.0,31404.0,30402.0,32162.0,259,S,60590638061,15000US060590638061,33.6840318,-117.9224677,G5030,Block Group 1,1265,6,561266.12109375,3255.3841990339397,63806,63,390,63,46,0,8,9,29,17,,,,1385,48,17,53,138,20,108,31,32,0,23,660,0,0,0,18,0,0,725,0,22,0,0,101,49,61,78,33,22,10,0,66,0,0,0,20,10,0,0,0,0,34.2,8.8,,39.1,,35.9,6.5,34.9,31.1,34.2,36.2,26.6,1385,1024,100,0,45,12,119,85,1385,453,1385,7,10,138,37,30,167,53,170,65,34,22,960,58,29,1356,1150,82,78.6
42,42,441058,0,2,59,399,8,28,9,42,34,59,97,70,0,0,18,0,0,7,10,17,142740.0,57057800,116,49,142933.0,68214.0,71667.0,63833.0,297,S,60590638062,15000US060590638062,33.6832195,-117.9282505,G5030,Block Group 2,1266,6,638638.30078125,3971.7630326580897,63806,373,26,373,279,0,20,0,259,94,285435000.0,219720000.0,65715000.0,1182,9,13,52,59,70,58,72,24,11,18,679,0,9,0,0,20,26,503,10,0,0,10,11,32,43,28,80,47,50,12,9,0,10,10,9,31,18,65,0,19,43.4,,,45.0,,,21.2,44.3,37.3,42.1,35.9,46.3,1182,956,0,0,136,0,10,80,1182,399,1182,0,13,132,0,66,76,58,230,190,57,0,935,55,26,1156,1135,21,91.3
43,43,1365937,0,3,59,556,9,8,60,71,59,43,41,192,8,6,0,0,18,10,12,19,124500.0,113727000,270,157,155000.0,62500.0,94306.0,,420,S,60590638063,15000US060590638063,33.6799479,-117.9379014,G5030,Block Group 3,1267,6,1977681.91796875,6589.63398157803,63806,484,72,484,319,0,81,0,238,165,553669000.0,377499000.0,176170000.0,1364,0,38,13,22,55,14,98,43,0,7,717,39,28,56,11,39,45,647,0,0,0,0,64,13,36,56,19,90,8,13,37,34,33,19,48,31,47,13,0,0,51.7,,,46.5,,,13.5,52.8,43.5,51.3,50.4,53.1,1364,1216,0,0,52,0,21,75,1364,556,1345,0,0,129,0,23,161,65,526,104,17,31,1069,146,39,1306,1273,33,92.3
44,44,1923760,0,2,59,857,0,68,90,64,70,16,17,57,95,44,72,75,7,58,60,64,41094.0,54580600,217,118,52125.0,23764.0,16023.0,40234.0,519,S,60590638072,15000US060590638072,33.6637062,-117.9280572,G5030,Block Group 2,1268,6,2784290.09765625,6803.60986512647,63807,40,817,40,6,0,0,0,6,34,,,,2204,56,124,80,11,80,44,73,63,20,46,1110,0,12,0,37,0,19,1094,0,0,17,55,157,34,42,86,72,33,52,86,15,36,0,29,6,28,60,65,80,0,27.4,54.1,,45.0,,,20.2,40.8,20.0,29.1,27.4,33.9,2204,1526,166,0,325,0,57,130,2204,857,2136,19,138,377,17,37,395,9,195,21,26,0,1618,122,88,2048,1859,189,76.7
45,45,1142855,0,1,59,1873,14,94,192,381,224,194,310,183,120,12,30,0,13,13,68,25,95945.0,206421900,105,66,101887.0,63014.0,70824.0,57922.0,688,S,60590639071,15000US060590639071,33.690819299999994,-117.87742,G5030,Block Group 1,1269,6,1655099.4140625,5479.3759120256,63907,13,1860,13,13,0,0,0,13,0,,,,3383,31,319,465,255,81,56,28,78,0,12,1583,0,25,80,0,0,0,1800,30,69,0,120,353,448,163,104,41,101,169,13,39,13,0,0,0,0,17,11,0,14,32.5,36.2,,31.5,33.7,30.1,31.7,32.5,29.9,32.3,33.0,32.2,3383,1680,310,0,1057,50,179,107,3383,1873,3383,0,0,146,12,56,315,184,1419,423,240,14,3135,165,0,3383,3337,46,76.4
46,46,541192,0,1,59,364,0,43,70,6,14,16,79,54,21,0,22,19,10,0,0,10,67255.0,38039800,109,36,,52596.0,65387.0,,314,S,60590639081,15000US060590639081,33.685073100000004,-117.8910791,G5030,Block Group 1,1270,6,783660.58203125,4007.8363714870397,63908,320,44,320,202,0,0,0,202,118,214720000.0,135520000.0,79200000.0,1330,39,0,69,38,74,24,59,34,13,0,651,0,11,21,24,10,0,679,1,0,14,10,26,72,25,53,41,11,56,23,0,0,37,53,21,28,18,44,33,23,38.5,,,34.1,,17.9,15.8,56.0,17.8,35.7,34.3,41.0,1330,744,0,12,400,0,66,108,1330,364,1303,0,18,176,13,39,89,69,307,85,31,0,1005,57,23,1280,1198,82,82.7
47,47,560674,0,2,59,704,75,32,61,106,152,43,122,21,0,0,23,0,42,8,19,0,91439.0,67640600,62,25,90038.0,49286.0,74489.0,40089.0,339,S,60590639082,15000US060590639082,33.684963700000004,-117.8799871,G5030,Block Group 2,1271,6,811871.5078125,4017.30023068877,63908,328,376,328,301,6,0,0,295,27,194415000.0,175065000.0,19350000.0,1622,0,63,39,80,36,59,152,31,22,0,744,22,19,77,6,46,0,878,0,21,59,13,59,50,50,26,96,128,122,42,8,0,1,26,44,0,16,28,0,19,49.3,49.5,,52.3,,34.5,,47.2,52.5,49.4,50.1,49.2,1622,857,177,0,465,0,91,32,1622,704,1619,0,19,218,39,38,302,41,387,90,12,0,1460,35,0,1619,1514,105,79.4
48,48,3107345,0,2,59,986,39,105,96,80,96,53,145,151,132,49,14,13,0,0,13,0,92736.0,108161000,294,216,113606.0,61154.0,66250.0,56364.0,695,S,60590639072,15000US060590639072,33.6937673,-117.91593290000002,G5030,Block Group 2,1351,6,4500422.8203125,12677.4063692662,63907,626,360,626,401,0,44,15,342,225,451242000.0,278555000.0,172687000.0,2481,10,163,49,75,43,35,128,98,0,138,1105,54,54,42,14,13,38,1376,0,0,0,68,174,114,87,15,28,101,121,43,74,55,28,54,27,0,25,0,47,34,50.1,20.6,,34.1,52.7,,13.6,56.6,27.2,39.1,50.8,33.5,2481,1342,65,21,880,123,12,38,2481,986,2473,0,0,113,0,113,258,131,785,215,87,92,2049,120,59,2414,2335,79,81.3
49,49,1064491,0,3,59,701,54,13,46,60,109,154,43,140,15,0,26,0,13,12,0,16,122891.0,90545300,201,130,127843.0,46612.0,63233.0,37164.0,554,S,60590639073,15000US060590639073,33.6920135,-117.8933433,G5030,Block Group 3,1352,6,1541657.9375,6156.566551278829,63907,348,353,348,254,0,73,0,181,94,236758400.0,183350000.0,53408400.0,2126,53,113,155,92,85,46,135,58,49,17,1136,33,0,0,75,0,0,990,75,0,0,0,128,158,43,26,36,122,63,33,0,14,58,0,0,63,41,0,19,19,34.7,19.0,,42.5,,27.2,,40.9,28.9,35.4,37.0,35.1,2126,1548,147,0,330,0,87,14,2126,701,2109,0,0,303,15,47,446,156,397,160,58,16,1809,90,0,2109,2004,105,77.8
50,50,316364,0,3,59,550,23,26,91,149,136,14,11,8,43,0,15,7,12,15,0,0,92708.0,44748400,109,0,70958.0,44762.0,42560.0,50547.0,144,S,60590639083,15000US060590639083,33.6801072,-117.8888648,G5030,Block Group 3,1385,6,458049.66015625,2859.0375761980104,63908,64,486,64,64,0,0,0,64,0,24350000.0,24350000.0,,1226,17,107,102,71,12,0,51,16,0,20,544,0,12,0,27,0,0,682,25,0,0,13,75,75,90,128,12,73,12,15,0,0,0,68,0,0,15,0,0,28,34.5,,,61.5,,,,34.5,31.4,35.2,32.4,38.6,1226,992,96,0,70,0,29,39,1226,550,1226,0,0,190,0,51,143,155,252,56,12,14,1064,176,55,1171,1063,108,76.8
51,51,1821129,0,1,59,409,0,22,34,57,38,69,55,62,0,8,12,0,9,16,17,10,118295.0,51685700,159,103,122159.0,36620.0,52386.0,30170.0,323,S,60590639041,15000US060590639041,33.670126700000004,-117.9008298,G5030,Block Group 1,1402,6,2636137.046875,7445.25810494394,63904,317,92,317,233,0,45,0,188,84,216445000.0,163745000.0,52700000.0,1276,46,0,55,14,55,27,56,83,17,21,656,15,26,30,18,8,0,620,67,11,12,0,12,9,19,30,111,11,69,37,12,11,22,11,41,16,35,26,21,12,48.6,,,57.6,,32.7,13.0,49.6,32.4,47.4,44.2,48.7,1276,882,23,0,231,0,100,40,1276,409,1276,13,20,77,0,51,94,104,374,99,0,0,1061,27,28,1248,1196,52,73.9
52,52,11291839,145012,2,59,4546,37,159,290,411,427,396,739,522,717,66,23,99,117,132,190,221,85488.0,510803200,362,178,121917.0,56459.0,73008.0,50233.0,1507,S,60590626102,15000US060590626102,33.669190500000006,-117.8609131,G5030,Block Group 2,1505,6,16554744.488281302,17219.065752314,62610,575,3971,575,443,0,18,0,425,132,307260000.0,246410000.0,60850000.0,8429,358,782,874,334,280,310,276,244,44,19,4417,123,18,47,19,0,0,4012,35,287,107,221,852,604,281,313,188,163,226,76,77,56,130,82,73,18,58,191,212,170,34.7,49.4,,27.4,,34.0,32.1,36.1,32.9,32.4,32.2,32.7,8429,4903,300,0,2576,0,393,257,8429,4546,8429,60,28,602,17,199,633,294,3035,1108,380,138,8148,74,132,8297,8023,274,76.7
53,53,83621,0,3,59,317,0,34,40,57,20,2,0,0,39,0,0,39,0,37,22,27,44313.0,16329100,35,15,37333.0,23805.0,25720.0,22813.0,234,S,60590639043,15000US060590639043,33.6768292,-117.8989761,G5030,Block Group 3,1511,6,121063.14453125,1482.85519600455,63904,0,317,0,0,0,0,0,0,0,,,,1377,73,58,56,0,80,34,0,18,28,7,744,0,0,14,0,0,0,633,48,22,34,44,87,12,34,74,9,39,31,51,0,15,0,20,0,0,0,65,40,0,20.8,,59.8,25.9,11.5,29.6,,23.7,23.4,23.8,20.9,29.1,1377,997,0,25,139,28,147,41,1377,317,1377,70,7,95,20,31,69,0,97,0,23,0,993,12,28,1349,1158,96,84.3
54,54,270750,0,3,59,367,0,44,9,80,61,41,61,10,0,0,28,8,7,18,0,0,96750.0,38521500,28,28,97357.0,53801.0,52917.0,54191.0,132,S,60590633013,15000US060590633013,33.6337099,-117.9194814,G5030,Block Group 3,1532,6,391590.75,2647.342789031,63301,107,260,107,96,9,0,0,87,11,,,,671,0,14,30,68,12,0,44,82,0,9,308,0,0,0,18,0,0,363,4,4,8,24,74,58,28,20,4,12,104,0,0,0,0,0,0,23,0,0,0,0,36.7,,,23.5,,,,36.7,56.2,37.9,41.9,35.9,671,538,10,0,16,23,34,50,671,367,628,10,0,138,10,16,71,36,251,58,0,0,640,7,28,600,559,0,80.2
55,55,163251,0,2,59,376,7,58,32,35,35,0,0,0,7,0,35,50,36,74,0,7,34186.0,17457800,62,24,34185.0,21858.0,24122.0,13179.0,259,S,60590637012,15000US060590637012,33.6452131,-117.929843,G5030,Block Group 2,1563,6,236173.6484375,1946.4104429880701,63701,28,348,28,18,0,0,0,18,10,,,,1375,54,101,18,110,70,33,25,31,0,0,745,19,31,0,0,7,0,630,0,0,23,55,69,31,20,73,50,33,35,18,0,0,0,7,12,0,0,25,11,27,37.3,,,,,25.2,,41.8,26.1,27.7,28.4,26.7,1375,533,0,0,20,20,802,0,1375,376,1300,0,8,148,58,24,145,47,60,0,0,0,988,32,139,1161,937,224,80.2
56,56,216124,0,5,59,321,0,30,37,62,75,0,0,0,0,0,12,13,28,55,9,0,65402.0,20918000,53,0,51333.0,27487.0,25878.0,46655.0,160,S,60590637025,15000US060590637025,33.6470989,-117.9204613,G5030,Block Group 5,1564,6,312682.125,2587.2706132222197,63702,46,275,46,21,0,0,0,21,25,,,,1140,69,20,160,93,220,10,9,19,0,0,770,12,28,13,0,0,0,370,20,0,0,0,73,29,27,58,34,0,9,0,0,0,0,0,0,0,0,9,36,0,33.6,,,23.9,,40.2,,33.4,38.0,34.1,38.1,27.5,1140,635,0,0,45,0,441,19,1140,321,1064,0,0,297,7,0,46,108,127,60,0,0,948,9,0,1064,885,179,73.2
57,57,344982,0,2,59,759,18,99,12,36,126,76,52,162,37,0,21,0,43,0,0,77,120436.0,91326300,100,151,124514.0,48909.0,42182.0,49334.0,431,S,60590631022,15000US060590631022,33.659271200000006,-117.895328,G5030,Block Group 2,1604,6,499245.81640625,3035.4136778238,63102,376,383,376,319,28,53,0,238,57,463660000.0,242360000.0,221300000.0,2265,0,26,80,153,88,38,60,113,24,8,835,17,16,36,0,23,5,1430,0,0,0,95,89,118,141,34,93,56,97,55,34,4,51,64,25,5,40,33,0,0,36.8,,7.4,55.9,,,32.3,37.6,35.6,36.5,40.2,34.6,2265,1954,4,57,52,0,26,172,2265,759,2197,0,0,191,0,75,357,104,397,221,28,54,1721,65,44,2153,2132,21,81.0
58,58,361410,0,1,59,666,56,19,58,0,56,39,105,122,120,0,0,19,0,0,19,53,,92368900,18,18,111771.0,53355.0,81389.0,31952.0,267,S,60590626101,15000US060590626101,33.676417,-117.8488101,G5030,Block Group 1,1675,6,523228.921875,2970.0816352091497,62610,343,323,343,180,0,0,0,180,163,278856900.0,132605900.0,146251000.0,1130,65,64,77,46,91,75,53,64,15,0,694,0,20,18,0,0,0,436,0,0,0,53,85,102,80,0,20,52,28,16,0,0,0,0,0,0,0,10,14,0,32.6,,,44.0,,,,32.1,36.7,35.7,36.6,34.1,1130,768,0,0,362,0,0,0,1130,666,1130,0,19,73,0,39,147,0,428,26,94,54,1048,0,45,1085,1071,14,77.9
59,59,1173861,9666,1,59,666,8,58,47,112,49,80,91,89,25,10,6,31,8,9,9,34,96417.0,80683700,179,148,96696.0,36905.0,43257.0,24402.0,393,S,60590636011,15000US060590636011,33.6484875,-117.9440313,G5030,Block Group 1,1722,6,1712314.1171875,7268.989400854109,63601,526,140,526,331,10,50,10,261,195,388090000.0,251090000.0,137000000.0,1905,81,21,31,107,70,32,134,76,22,8,897,47,7,46,0,50,12,1008,37,12,14,16,65,45,62,119,65,70,70,50,18,20,25,19,27,22,29,1,0,0,48.1,15.9,,37.6,,36.2,19.3,47.4,36.6,41.8,43.6,41.4,1905,1340,79,0,129,0,317,40,1905,666,1891,47,26,104,51,88,176,45,467,191,25,10,1530,74,9,1882,1815,67,74.5
60,60,411152,0,1,59,890,40,145,119,136,53,34,6,42,0,7,80,85,41,8,36,58,54362.0,68128700,86,31,50045.0,19493.0,22067.0,17721.0,848,S,60590638081,15000US060590638081,33.65676550000001,-117.9289293,G5030,Block Group 1,1723,6,594962.3203125,4350.21680313886,63808,126,764,126,88,0,0,0,88,38,,,,4083,141,225,127,172,188,155,129,89,43,14,2121,9,38,20,0,0,8,1962,111,28,47,66,172,74,125,236,122,82,90,6,11,10,11,52,0,8,19,127,86,14,28.3,,,54.5,19.4,25.0,25.5,42.2,26.3,27.4,28.2,26.7,4083,2264,0,17,91,127,1542,42,4083,890,4030,69,72,647,47,32,200,51,163,36,24,0,2855,83,374,3656,3241,415,70.75
61,61,324708,0,2,59,664,19,35,107,131,108,21,52,10,53,19,32,30,0,10,37,0,71607.0,51359400,131,82,79300.0,29079.0,35724.0,25933.0,390,S,60590638082,15000US060590638082,33.654331400000004,-117.9234419,G5030,Block Group 2,1724,6,469853.3671875,2912.03332017259,63808,318,346,318,196,0,13,0,183,122,152380000.0,109215000.0,43165000.0,1931,53,53,79,102,100,84,90,30,0,18,943,9,12,36,11,0,9,988,14,0,34,50,73,55,96,127,23,106,52,27,37,0,12,58,15,6,14,60,16,0,40.8,,20.7,30.5,,30.4,45.1,43.6,33.2,38.2,37.3,38.7,1931,1238,12,28,72,13,507,61,1931,664,1931,49,57,257,42,106,205,101,167,63,7,0,1561,58,41,1890,1720,170,70.75
62,62,946824,0,1,59,677,0,0,33,130,36,70,130,122,16,0,18,16,0,59,47,0,120208.0,88658800,168,107,135147.0,52396.0,65379.0,41496.0,562,S,60590639021,15000US060590639021,33.6840828,-117.9138241,G5030,Block Group 1,1725,6,1370998.1796875,4821.016662787321,63902,559,118,559,515,0,60,10,445,44,,,,2231,25,102,67,140,109,50,105,60,9,0,1044,0,15,76,17,3,0,1187,0,20,0,28,116,61,159,27,87,65,128,0,24,29,0,24,37,36,35,0,0,0,38.6,,,26.0,,59.4,59.5,39.2,59.3,35.8,37.5,35.5,2231,1512,0,0,572,0,89,58,2231,677,2219,25,27,275,21,138,328,128,429,112,69,0,1654,76,62,2157,2157,0,81.0
63,63,203799,0,2,59,762,26,34,162,138,38,29,0,12,63,38,0,46,62,12,63,39,52353.0,44644900,56,0,44152.0,35035.0,27328.0,36944.0,357,S,60590639022,15000US060590639022,33.6756026,-117.9169344,G5030,Block Group 2,1726,6,295042.26953125,2146.97082461495,63902,14,748,14,14,0,14,0,0,0,,,,1571,49,246,105,0,27,29,27,15,30,0,692,0,13,0,0,0,15,879,47,0,12,61,442,43,0,14,0,66,85,0,0,0,0,0,16,0,0,65,15,30,28.0,26.9,,27.1,,29.7,,27.9,29.5,27.9,28.3,27.7,1571,1230,65,0,164,0,101,11,1571,762,1571,0,0,97,0,44,236,151,426,125,48,0,1452,102,31,1540,1508,32,63.9
64,64,775763,0,1,59,541,37,13,60,50,99,58,55,23,10,8,7,20,34,29,14,24,87543.0,48860300,116,80,72540.0,30662.0,32670.0,22396.0,453,S,60590639031,15000US060590639031,33.68004620000001,-117.8996871,G5030,Block Group 1,1727,6,1123196.64453125,5493.870159273761,63903,243,298,243,157,8,7,0,142,86,137515000.0,92590000.0,44925000.0,1988,91,119,30,42,105,95,46,46,0,21,938,0,0,40,22,0,13,1050,10,12,42,68,98,30,62,69,113,64,54,21,20,22,30,18,36,23,9,20,14,0,33.3,,,26.1,25.8,22.4,58.8,55.1,25.3,32.4,29.1,36.5,1988,1269,0,23,497,85,96,18,1988,541,1988,20,79,295,35,16,318,68,151,64,26,0,1505,59,77,1911,1888,23,81.6
65,65,604461,0,2,59,548,18,28,16,117,59,36,60,149,30,0,9,0,13,0,13,0,113864.0,77410300,147,88,130063.0,51875.0,62652.0,35921.0,399,S,60590639032,15000US060590639032,33.6848629,-117.9021898,G5030,Block Group 2,1728,6,875273.12890625,3991.9943753164202,63903,459,89,459,359,16,40,0,303,100,328848000.0,265308000.0,63540000.0,1989,91,48,102,117,70,70,90,61,28,21,1089,5,11,7,12,14,9,900,6,16,2,59,16,154,85,37,110,18,46,8,29,6,54,34,29,6,49,16,38,4,35.1,62.2,3.9,39.6,,42.3,53.8,34.9,36.0,35.6,33.6,39.6,1989,1638,39,66,197,0,34,15,1989,548,1869,0,29,180,13,142,247,163,272,104,51,31,1578,79,49,1820,1805,8,80.3
66,66,580268,0,2,59,561,17,21,51,110,46,84,22,55,7,0,15,30,38,0,46,19,78068.0,63384700,155,72,76172.0,26493.0,46042.0,16016.0,409,S,60590639042,15000US060590639042,33.674841,-117.8928079,G5030,Block Group 2,1729,6,840044.1953125,4231.021517198621,63904,420,141,420,336,6,34,0,296,84,282597000.0,220897000.0,61700000.0,2047,71,22,152,104,6,65,86,30,16,59,1018,0,11,42,61,18,36,1029,27,44,19,54,19,101,94,20,71,98,31,26,16,0,10,42,6,9,93,12,0,6,35.1,,,36.7,,37.4,22.7,49.6,23.4,35.3,36.1,35.0,2047,1555,27,0,243,22,73,127,2047,561,1904,16,110,269,0,64,141,160,311,123,8,6,1577,106,42,1862,1742,120,84.3
67,67,513888,0,1,59,532,27,32,20,104,44,82,50,96,12,0,0,0,10,15,30,10,103750.0,65804100,68,63,101042.0,41866.0,54107.0,38969.0,407,S,60590639051,15000US060590639051,33.6655703,-117.9139178,G5030,Block Group 1,1730,6,743790.3671875,3783.59543925742,63905,366,166,366,296,0,88,0,208,70,253469000.0,205139000.0,48330000.0,1520,29,102,67,62,38,25,73,102,48,0,724,7,11,0,5,15,5,796,0,10,36,46,120,41,59,30,40,98,39,36,13,8,22,61,7,0,28,17,25,0,41.5,27.9,,32.4,,,9.4,44.6,27.0,38.5,35.9,39.4,1520,1193,41,0,160,32,11,83,1520,532,1483,8,0,251,34,82,190,79,401,72,0,18,1295,65,30,1453,1443,10,84.9
68,68,295853,0,2,59,538,24,50,69,87,68,80,0,33,0,41,26,0,0,32,21,7,74947.0,46941100,40,0,73750.0,45391.0,53164.0,,210,S,60590639052,15000US060590639052,33.6594019,-117.917129,G5030,Block Group 2,1731,6,428150.640625,2969.1761250897803,63905,54,484,54,54,0,0,0,54,0,34300000.0,34300000.0,,1001,25,69,160,12,40,19,25,25,18,0,501,0,11,0,21,0,0,500,10,0,0,76,59,83,24,30,43,62,62,10,0,12,0,0,7,0,0,36,13,0,32.5,,,39.9,,40.5,,34.3,27.8,34.2,34.1,35.0,1001,859,0,0,41,0,51,50,1001,538,1001,12,11,135,0,52,200,31,288,32,0,10,952,81,24,977,895,82,73.7
69,69,325623,0,1,59,890,72,36,104,178,116,30,64,33,76,14,0,11,0,93,63,0,66563.0,74482000,113,16,69444.0,31485.0,31869.0,27336.0,470,S,60590639061,15000US060590639061,33.654048,-117.9132833,G5030,Block Group 1,1732,6,471176.0703125,4130.307669091,63906,300,590,300,266,20,35,0,211,34,,,,2391,37,312,157,110,121,16,123,4,15,100,1405,8,18,31,4,0,5,986,0,0,0,22,148,194,80,48,92,123,72,4,37,0,18,8,4,16,13,18,0,30,31.8,,,41.1,,50.1,28.0,35.2,29.6,33.2,30.5,36.5,2391,1838,62,0,103,0,269,119,2391,890,2334,22,30,309,131,189,271,89,468,130,12,17,1988,104,98,2236,2120,32,70.6
70,70,111446,0,2,59,488,0,105,53,55,30,40,18,0,0,83,17,0,24,23,40,0,53357.0,29600200,51,33,53071.0,20943.0,32059.0,15673.0,254,S,60590639062,15000US060590639062,33.6553294,-117.91326,G5030,Block Group 2,1733,6,161266.4453125,1817.26177064177,63906,162,326,162,9,0,0,0,9,153,,,,1410,23,14,0,41,135,41,32,75,17,0,587,16,0,0,0,2,0,823,61,0,0,31,205,12,62,22,61,72,38,0,23,0,0,0,0,17,21,42,40,0,27.7,24.3,,,,28.0,,29.1,27.9,29.5,40.9,27.2,1410,727,36,10,45,0,592,0,1410,488,1397,77,38,254,74,40,45,16,160,21,0,13,1103,35,16,1381,1125,256,70.6
71,71,625083,0,3,59,931,44,10,143,161,131,91,42,14,80,0,0,29,60,77,0,49,70795.0,71901100,121,119,60814.0,32212.0,31538.0,38636.0,586,S,60590639063,15000US060590639063,33.660136,-117.9041334,G5030,Block Group 3,1734,6,904613.71875,4487.18419549531,63906,296,635,296,221,32,18,0,171,75,130352000.0,96657000.0,33695000.0,2370,25,77,227,77,83,106,69,14,0,25,1070,0,71,0,0,0,36,1300,146,40,33,65,151,109,120,47,89,66,78,25,98,19,22,18,0,0,17,53,60,10,35.4,,,41.7,,30.8,18.6,36.2,31.0,31.9,32.6,31.1,2370,1565,13,0,95,79,434,184,2370,931,2120,34,0,232,0,36,220,139,566,153,13,0,2076,85,236,1884,1846,38,82.3
72,72,835355,0,3,59,474,0,29,30,54,41,0,71,0,68,26,0,12,36,44,33,30,44000.0,29781700,103,0,34792.0,23793.0,,21513.0,213,S,60590639023,15000US060590639023,33.6713146,-117.9129663,G5030,Block Group 3,1804,6,1209237.2265625,4531.54036539093,63902,0,474,0,0,0,0,0,0,0,,,,1240,73,31,154,36,0,47,46,40,0,22,692,36,0,0,33,0,0,548,0,0,12,89,66,31,38,42,88,0,0,41,0,0,0,52,0,0,13,31,0,32,32.0,17.5,,,,,,48.0,30.4,30.7,30.6,34.0,1240,1004,185,0,26,0,12,13,1240,474,1240,0,0,321,17,0,263,0,113,13,0,0,1053,123,52,1188,903,185,60.1
73,73,426535,0,4,59,632,65,11,78,133,37,96,89,13,13,0,37,11,0,0,49,0,79153.0,58369900,89,83,79389.0,34906.0,48671.0,22076.0,370,S,60590639024,15000US060590639024,33.6781853,-117.9129197,G5030,Block Group 4,1805,6,617534.546875,3772.65363544421,63902,20,612,20,20,0,20,0,0,0,,,,1625,149,121,17,0,49,111,69,43,29,63,928,13,0,0,41,0,0,697,72,0,0,22,34,112,30,13,41,52,133,0,13,20,0,0,0,0,0,38,26,121,34.5,,,27.3,,,27.7,34.4,31.6,31.0,29.1,31.8,1625,1320,34,0,154,0,33,84,1625,632,1625,0,14,118,0,27,95,95,196,127,47,0,1432,14,109,1516,1360,156,63.9
74,74,548656,0,3,59,613,15,17,61,55,51,42,63,109,18,8,18,25,19,77,20,15,90417.0,64527400,299,205,95750.0,53594.0,55950.0,49018.0,371,S,60590639053,15000US060590639053,33.6600313,-117.9114501,G5030,Block Group 3,1807,6,794013.859375,3692.445286882029,63905,414,199,414,327,10,53,0,264,87,298903000.0,226478000.0,72425000.0,1637,45,48,127,29,9,40,11,45,11,48,749,29,50,37,16,9,38,888,29,0,0,13,48,84,6,50,8,54,69,39,70,33,26,23,10,63,105,15,9,0,55.1,64.6,,64.2,,31.2,9.4,54.4,32.0,45.6,33.6,54.7,1637,1195,34,0,113,0,97,198,1637,613,1601,14,0,176,25,24,232,112,418,120,14,12,1346,68,151,1450,1337,113,83.5
75,75,485396,0,4,59,934,22,150,117,242,171,58,10,12,40,0,0,54,0,0,35,23,77321.0,75275100,0,0,53793.0,56108.0,56155.0,54250.0,206,S,60590639084,15000US060590639084,33.6788131,-117.883348,G5030,Block Group 4,1813,6,702767.89453125,3831.7959808264295,63908,12,922,12,12,0,0,0,12,0,,,,1475,19,208,320,118,19,83,92,0,0,0,887,0,0,0,0,0,0,588,13,0,0,82,158,70,100,67,0,13,0,0,15,0,0,0,0,0,0,0,0,0,31.1,,,35.3,,,,30.7,34.0,31.5,32.3,27.7,1475,1093,28,0,282,0,45,27,1475,934,1475,0,9,147,16,99,310,70,454,137,12,0,1377,60,0,1475,1390,0,76.8
